Year-Month,Week 1,Week 1,Week 2,Week 2,Week 3,Week 3,Week 4,Week 4,Week 5,Week 5,NA,NA
Year-Month,End Date,Value,End Date,Value,End Date,Value,End Date,Value,End Date,Value,NA,NA
1994-Nov,,,,,,,11/28,1.175,,,NA,NA
1994-Dec,12/05,1.143,12/12,1.118,12/19,1.099,12/26,1.088,,,NA,NA
,,,,,,,,,,,NA,NA
1995-Jan,01/02,1.104,01/09,1.111,01/16,1.102,01/23,1.110,01/30,1.109,NA,NA
1995-Feb,02/06,1.103,02/13,1.099,02/20,1.093,02/27,1.101,,,NA,NA
1995-Mar,03/06,1.103,03/13,1.096,03/20,1.095,03/27,1.102,,,NA,NA
1995-Apr,04/03,1.116,04/10,1.134,04/17,1.149,04/24,1.173,,,NA,NA
1995-May,05/01,1.181,05/08,1.204,05/15,1.213,05/22,1.232,05/29,1.234,NA,NA
1995-Jun,06/05,1.234,06/12,1.230,06/19,1.224,06/26,1.217,,,NA,NA
1995-Jul,07/03,1.209,07/10,1.200,07/17,1.189,07/24,1.179,07/31,1.166,NA,NA
1995-Aug,08/07,1.164,08/14,1.162,08/21,1.163,08/28,1.154,,,NA,NA
1995-Sep,09/04,1.151,09/11,1.148,09/18,1.147,09/25,1.146,,,NA,NA
1995-Oct,10/02,1.140,10/09,1.132,10/16,1.121,10/23,1.113,10/30,1.102,NA,NA
1995-Nov,11/06,1.100,11/13,1.099,11/20,1.095,11/27,1.096,,,NA,NA
1995-Dec,12/04,1.097,12/11,1.097,12/18,1.111,12/25,1.114,,,NA,NA
,,,,,,,,,,,NA,NA
1996-Jan,01/01,1.116,01/08,1.125,01/15,1.131,01/22,1.124,01/29,1.118,NA,NA
1996-Feb,02/05,1.115,02/12,1.112,02/19,1.118,02/26,1.138,,,NA,NA
1996-Mar,03/04,1.155,03/11,1.156,03/18,1.167,03/25,1.196,,,NA,NA
1996-Apr,04/01,1.210,04/08,1.233,04/15,1.272,04/22,1.282,04/29,1.296,NA,NA
1996-May,05/06,1.298,05/13,1.301,05/20,1.308,05/27,1.299,,,NA,NA
1996-Jun,06/03,1.292,06/10,1.286,06/17,1.280,06/24,1.268,,,NA,NA
1996-Jul,07/01,1.258,07/08,1.256,07/15,1.254,07/22,1.254,07/29,1.247,NA,NA
1996-Aug,08/05,1.239,08/12,1.235,08/19,1.238,08/26,1.240,,,NA,NA
1996-Sep,09/02,1.232,09/09,1.239,09/16,1.241,09/23,1.241,09/30,1.237,NA,NA
1996-Oct,10/07,1.230,10/14,1.241,10/21,1.244,10/28,1.256,,,NA,NA
1996-Nov,11/04,1.264,11/11,1.268,11/18,1.277,11/25,1.284,,,NA,NA
1996-Dec,12/02,1.281,12/09,1.280,12/16,1.272,12/23,1.267,12/30,1.263,NA,NA
,,,,,,,,,,,NA,NA
1997-Jan,01/06,1.260,01/13,1.275,01/20,1.275,01/27,1.271,,,NA,NA
1997-Feb,02/03,1.270,02/10,1.266,02/17,1.260,02/24,1.257,,,NA,NA
1997-Mar,03/03,1.248,03/10,1.240,03/17,1.231,03/24,1.235,03/31,1.231,NA,NA
1997-Apr,04/07,1.232,04/14,1.227,04/21,1.228,04/28,1.224,,,NA,NA
1997-May,05/05,1.221,05/12,1.221,05/19,1.233,05/26,1.241,,,NA,NA
1997-Jun,06/02,1.243,06/09,1.236,06/16,1.227,06/23,1.217,06/30,1.210,NA,NA
1997-Jul,07/07,1.208,07/14,1.203,07/21,1.209,07/28,1.203,,,NA,NA
1997-Aug,08/04,1.222,08/11,1.256,08/18,1.255,08/25,1.268,,,NA,NA
1997-Sep,09/01,1.267,09/08,1.266,09/15,1.258,09/22,1.247,09/29,1.233,NA,NA
1997-Oct,10/06,1.234,10/13,1.227,10/20,1.218,10/27,1.208,,,NA,NA
1997-Nov,11/03,1.202,11/10,1.204,11/17,1.195,11/24,1.190,,,NA,NA
1997-Dec,12/01,1.180,12/08,1.168,12/15,1.158,12/22,1.148,12/29,1.139,NA,NA
,,,,,,,,,,,NA,NA
1998-Jan,01/05,1.130,01/12,1.123,01/19,1.112,01/26,1.095,,,NA,NA
1998-Feb,02/02,1.092,02/09,1.086,02/16,1.072,02/23,1.078,,,NA,NA
1998-Mar,03/02,1.065,03/09,1.057,03/16,1.047,03/23,1.038,03/30,1.066,NA,NA
1998-Apr,04/06,1.063,04/13,1.058,04/20,1.062,04/27,1.073,,,NA,NA
1998-May,05/04,1.079,05/11,1.092,05/18,1.092,05/25,1.090,,,NA,NA
1998-Jun,06/01,1.086,06/08,1.097,06/15,1.087,06/22,1.079,06/29,1.081,NA,NA
1998-Jul,07/06,1.080,07/13,1.076,07/20,1.082,07/27,1.073,,,NA,NA
1998-Aug,08/03,1.061,08/10,1.056,08/17,1.049,08/24,1.042,08/31,1.037,NA,NA
1998-Sep,09/07,1.030,09/14,1.026,09/21,1.038,09/28,1.037,,,NA,NA
1998-Oct,10/05,1.045,10/12,1.050,10/19,1.046,10/26,1.040,,,NA,NA
1998-Nov,11/02,1.037,11/09,1.034,11/16,1.022,11/23,1.012,11/30,0.995,NA,NA
1998-Dec,12/07,0.974,12/14,0.964,12/21,0.962,12/28,0.955,,,NA,NA
,,,,,,,,,,,NA,NA
1999-Jan,01/04,0.953,01/11,0.960,01/18,0.961,01/25,0.954,,,NA,NA
1999-Feb,02/01,0.948,02/08,0.947,02/15,0.939,02/22,0.926,,,NA,NA
1999-Mar,03/01,0.932,03/08,0.941,03/15,0.997,03/22,1.038,03/29,1.093,NA,NA
1999-Apr,04/05,1.125,04/12,1.144,04/19,1.140,04/26,1.137,,,NA,NA
1999-May,05/03,1.145,05/10,1.149,05/17,1.151,05/24,1.140,05/31,1.128,NA,NA
1999-Jun,06/07,1.132,06/14,1.127,06/21,1.144,06/28,1.134,,,NA,NA
1999-Jul,07/05,1.149,07/12,1.161,07/19,1.187,07/26,1.211,,,NA,NA
1999-Aug,08/02,1.211,08/09,1.222,08/16,1.251,08/23,1.250,08/30,1.253,NA,NA
1999-Sep,09/06,1.262,09/13,1.274,09/20,1.292,09/27,1.288,,,NA,NA
1999-Oct,10/04,1.282,10/11,1.275,10/18,1.261,10/25,1.265,,,NA,NA
1999-Nov,11/01,1.258,11/08,1.262,11/15,1.281,11/22,1.298,11/29,1.303,NA,NA
1999-Dec,12/06,1.301,12/13,1.303,12/20,1.298,12/27,1.304,,,NA,NA
,,,,,,,,,,,NA,NA
2000-Jan,01/03,1.301,01/10,1.292,01/17,1.308,01/24,1.346,01/31,1.346,NA,NA
2000-Feb,02/07,1.358,02/14,1.389,02/21,1.438,02/28,1.450,,,NA,NA
2000-Mar,03/06,1.528,03/13,1.550,03/20,1.548,03/27,1.524,,,NA,NA
2000-Apr,04/03,1.518,04/10,1.487,04/17,1.455,04/24,1.445,,,NA,NA
2000-May,05/01,1.426,05/08,1.467,05/15,1.505,05/22,1.533,05/29,1.547,NA,NA
2000-Jun,06/05,1.571,06/12,1.640,06/19,1.695,06/26,1.674,,,NA,NA
2000-Jul,07/03,1.642,07/10,1.608,07/17,1.561,07/24,1.539,07/31,1.489,NA,NA
2000-Aug,08/07,1.479,08/14,1.460,08/21,1.484,08/28,1.495,,,NA,NA
2000-Sep,09/04,1.539,09/11,1.571,09/18,1.575,09/25,1.562,,,NA,NA
2000-Oct,10/02,1.536,10/09,1.511,10/16,1.554,10/23,1.568,10/30,1.561,NA,NA
2000-Nov,11/06,1.540,11/13,1.539,11/20,1.525,11/27,1.527,,,NA,NA
2000-Dec,12/04,1.503,12/11,1.465,12/18,1.436,12/25,1.426,,,NA,NA
,,,,,,,,,,,NA,NA
2001-Jan,01/01,1.416,01/08,1.439,01/15,1.497,01/22,1.496,01/29,1.486,NA,NA
2001-Feb,02/05,1.466,02/12,1.499,02/19,1.468,02/26,1.450,,,NA,NA
2001-Mar,03/05,1.433,03/12,1.426,03/19,1.416,03/26,1.418,,,NA,NA
2001-Apr,04/02,1.451,04/09,1.509,04/16,1.575,04/23,1.625,04/30,1.624,NA,NA
2001-May,05/07,1.695,05/14,1.697,05/21,1.673,05/28,1.691,,,NA,NA
2001-Jun,06/04,1.665,06/11,1.617,06/18,1.566,06/25,1.495,,,NA,NA
2001-Jul,07/02,1.427,07/09,1.392,07/16,1.372,07/23,1.358,07/30,1.358,NA,NA
2001-Aug,08/06,1.358,08/13,1.385,08/20,1.435,08/27,1.510,,,NA,NA
2001-Sep,09/03,1.568,09/10,1.543,09/17,1.548,09/24,1.495,,,NA,NA
2001-Oct,10/01,1.417,10/08,1.347,10/15,1.303,10/22,1.260,10/29,1.233,NA,NA
2001-Nov,11/05,1.209,11/12,1.186,11/19,1.178,11/26,1.136,,,NA,NA
2001-Dec,12/03,1.122,12/10,1.114,12/17,1.082,12/24,1.103,12/31,1.135,NA,NA
,,,,,,,,,,,NA,NA
2002-Jan,01/07,1.148,01/14,1.139,01/21,1.127,01/28,1.120,,,NA,NA
2002-Feb,02/04,1.137,02/11,1.125,02/18,1.129,02/25,1.126,,,NA,NA
2002-Mar,03/04,1.157,03/11,1.232,03/18,1.300,03/25,1.346,,,NA,NA
2002-Apr,04/01,1.379,04/08,1.422,04/15,1.408,04/22,1.407,04/29,1.393,NA,NA
2002-May,05/06,1.396,05/13,1.389,05/20,1.400,05/27,1.389,,,NA,NA
2002-Jun,06/03,1.393,06/10,1.372,06/17,1.375,06/24,1.381,,,NA,NA
2002-Jul,07/01,1.396,07/08,1.384,07/15,1.399,07/22,1.419,07/29,1.414,NA,NA
2002-Aug,08/05,1.395,08/12,1.395,08/19,1.397,08/26,1.404,,,NA,NA
2002-Sep,09/02,1.393,09/09,1.395,09/16,1.406,09/23,1.396,09/30,1.424,NA,NA
2002-Oct,10/07,1.456,10/14,1.461,10/21,1.482,10/28,1.466,,,NA,NA
2002-Nov,11/04,1.466,11/11,1.445,11/18,1.410,11/25,1.376,,,NA,NA
2002-Dec,12/02,1.358,12/09,1.357,12/16,1.363,12/23,1.411,12/30,1.457,NA,NA
,,,,,,,,,,,NA,NA
2003-Jan,01/06,1.453,01/13,1.463,01/20,1.463,01/27,1.478,,,NA,NA
2003-Feb,02/03,1.539,02/10,1.623,02/17,1.668,02/24,1.656,,,NA,NA
2003-Mar,03/03,1.679,03/10,1.701,03/17,1.712,03/24,1.665,03/31,1.618,NA,NA
2003-Apr,04/07,1.597,04/14,1.561,04/21,1.544,04/28,1.526,,,NA,NA
2003-May,05/05,1.482,05/12,1.467,05/19,1.482,05/26,1.477,,,NA,NA
2003-Jun,06/02,1.466,06/09,1.492,06/16,1.517,06/23,1.489,06/30,1.481,NA,NA
2003-Jul,07/07,1.485,07/14,1.528,07/21,1.534,07/28,1.527,,,NA,NA
2003-Aug,08/04,1.553,08/11,1.587,08/18,1.631,08/25,1.730,,,NA,NA
2003-Sep,09/01,1.724,09/08,1.690,09/15,1.674,09/22,1.618,09/29,1.564,NA,NA
2003-Oct,10/06,1.551,10/13,1.553,10/20,1.564,10/27,1.536,,,NA,NA
2003-Nov,11/03,1.532,11/10,1.502,11/17,1.498,11/24,1.517,,,NA,NA
2003-Dec,12/01,1.493,12/08,1.481,12/15,1.473,12/22,1.499,12/29,1.495,NA,NA
,,,,,,,,,,,NA,NA
2004-Jan,01/05,1.532,01/12,1.585,01/19,1.619,01/26,1.644,,,NA,NA
2004-Feb,02/02,1.632,02/09,1.649,02/16,1.656,02/23,1.680,,,NA,NA
2004-Mar,03/01,1.703,03/08,1.729,03/15,1.714,03/22,1.737,03/29,1.755,NA,NA
2004-Apr,04/05,1.776,04/12,1.778,04/19,1.810,04/26,1.812,,,NA,NA
2004-May,05/03,1.848,05/10,1.939,05/17,2.015,05/24,2.063,05/31,2.041,NA,NA
2004-Jun,06/07,2.021,06/14,1.966,06/21,1.914,06/28,1.900,,,NA,NA
2004-Jul,07/05,1.875,07/12,1.907,07/19,1.926,07/26,1.901,,,NA,NA
2004-Aug,08/02,1.885,08/09,1.878,08/16,1.881,08/23,1.892,08/30,1.866,NA,NA
2004-Sep,09/06,1.854,09/13,1.852,09/20,1.878,09/27,1.934,,,NA,NA
2004-Oct,10/04,1.941,10/11,1.988,10/18,2.024,10/25,2.020,,,NA,NA
2004-Nov,11/01,2.026,11/08,1.992,11/15,1.960,11/22,1.943,11/29,1.945,NA,NA
2004-Dec,12/06,1.910,12/13,1.842,12/20,1.820,12/27,1.798,,,NA,NA
,,,,,,,,,,,NA,NA
2005-Jan,01/03,1.788,01/10,1.813,01/17,1.843,01/24,1.880,01/31,1.936,NA,NA
2005-Feb,02/07,1.930,02/14,1.914,02/21,1.919,02/28,1.943,,,NA,NA
2005-Mar,03/07,2.018,03/14,2.078,03/21,2.134,03/28,2.177,,,NA,NA
2005-Apr,04/04,2.236,04/11,2.290,04/18,2.239,04/25,2.237,,,NA,NA
2005-May,05/02,2.231,05/09,2.179,05/16,2.156,05/23,2.118,05/30,2.092,NA,NA
2005-Jun,06/06,2.118,06/13,2.139,06/20,2.167,06/27,2.224,,,NA,NA
2005-Jul,07/04,2.228,07/11,2.331,07/18,2.312,07/25,2.276,,,NA,NA
2005-Aug,08/01,2.279,08/08,2.363,08/15,2.560,08/22,2.622,08/29,2.621,NA,NA
2005-Sep,09/05,3.083,09/12,2.956,09/19,2.776,09/26,2.812,,,NA,NA
2005-Oct,10/03,2.968,10/10,2.875,10/17,2.741,10/24,2.612,10/31,2.485,NA,NA
2005-Nov,11/07,2.382,11/14,2.302,11/21,2.211,11/28,2.166,,,NA,NA
2005-Dec,12/05,2.168,12/12,2.217,12/19,2.247,12/26,2.230,,,NA,NA
,,,,,,,,,,,NA,NA
2006-Jan,01/02,2.277,01/09,2.363,01/16,2.342,01/23,2.359,01/30,2.375,NA,NA
2006-Feb,02/06,2.354,02/13,2.290,02/20,2.249,02/27,2.277,,,NA,NA
2006-Mar,03/06,2.360,03/13,2.395,03/20,2.537,03/27,2.522,,,NA,NA
2006-Apr,04/03,2.609,04/10,2.706,04/17,2.807,04/24,2.924,,,NA,NA
2006-May,05/01,2.910,05/08,2.876,05/15,2.911,05/22,2.842,05/29,2.824,NA,NA
2006-Jun,06/05,2.852,06/12,2.874,06/19,2.834,06/26,2.837,,,NA,NA
2006-Jul,07/03,2.914,07/10,2.949,07/17,2.968,07/24,2.992,07/31,2.997,NA,NA
2006-Aug,08/07,3.045,08/14,3.000,08/21,2.919,08/28,2.843,,,NA,NA
2006-Sep,09/04,2.725,09/11,2.611,09/18,2.489,09/25,2.368,,,NA,NA
2006-Oct,10/02,2.309,10/09,2.266,10/16,2.239,10/23,2.229,10/30,2.247,NA,NA
2006-Nov,11/06,2.232,11/13,2.259,11/20,2.261,11/27,2.264,,,NA,NA
2006-Dec,12/04,2.320,12/11,2.311,12/18,2.333,12/25,2.346,,,NA,NA
,,,,,,,,,,,NA,NA
2007-Jan,01/01,2.340,01/08,2.304,01/15,2.220,01/22,2.155,01/29,2.164,NA,NA
2007-Feb,02/05,2.194,02/12,2.240,02/19,2.292,02/26,2.379,,,NA,NA
2007-Mar,03/05,2.504,03/12,2.542,03/19,2.554,03/26,2.582,,,NA,NA
2007-Apr,04/02,2.678,04/09,2.790,04/16,2.866,04/23,2.857,04/30,2.966,NA,NA
2007-May,05/07,3.043,05/14,3.106,05/21,3.247,05/28,3.233,,,NA,NA
2007-Jun,06/04,3.172,06/11,3.083,06/18,3.018,06/25,2.995,,,NA,NA
2007-Jul,07/02,2.976,07/09,3.010,07/16,3.084,07/23,2.980,07/30,2.894,NA,NA
2007-Aug,08/06,2.861,08/13,2.797,08/20,2.825,08/27,2.799,,,NA,NA
2007-Sep,09/03,2.857,09/10,2.879,09/17,2.836,09/24,2.861,,,NA,NA
2007-Oct,10/01,2.832,10/08,2.809,10/15,2.793,10/22,2.853,10/29,2.905,NA,NA
2007-Nov,11/05,3.051,11/12,3.146,11/19,3.123,11/26,3.118,,,NA,NA
2007-Dec,12/03,3.077,12/10,3.007,12/17,3.011,12/24,2.991,12/31,3.076,NA,NA
,,,,,,,,,,,NA,NA
2008-Jan,01/07,3.135,01/14,3.090,01/21,3.041,01/28,3.004,,,NA,NA
2008-Feb,02/04,3.014,02/11,2.995,02/18,3.082,02/25,3.163,,,NA,NA
2008-Mar,03/03,3.185,03/10,3.246,03/17,3.303,03/24,3.273,03/31,3.306,NA,NA
2008-Apr,04/07,3.346,04/14,3.397,04/21,3.515,04/28,3.615,,,NA,NA
2008-May,05/05,3.620,05/12,3.741,05/19,3.810,05/26,3.960,,,NA,NA
2008-Jun,06/02,3.980,06/09,4.027,06/16,4.056,06/23,4.051,06/30,4.075,NA,NA
2008-Jul,07/07,4.099,07/14,4.102,07/21,4.054,07/28,3.948,,,NA,NA
2008-Aug,08/04,3.880,08/11,3.815,08/18,3.754,08/25,3.707,,,NA,NA
2008-Sep,09/01,3.715,09/08,3.686,09/15,3.919,09/22,3.785,09/29,3.697,NA,NA
2008-Oct,10/06,3.541,10/13,3.166,10/20,2.909,10/27,2.644,,,NA,NA
2008-Nov,11/03,2.395,11/10,2.224,11/17,2.081,11/24,1.912,,,NA,NA
2008-Dec,12/01,1.844,12/08,1.734,12/15,1.699,12/22,1.685,12/29,1.642,NA,NA
,,,,,,,,,,,NA,NA
2009-Jan,01/05,1.720,01/12,1.820,01/19,1.880,01/26,1.862,,,NA,NA
2009-Feb,02/02,1.920,02/09,1.946,02/16,1.981,02/23,1.919,,,NA,NA
2009-Mar,03/02,1.961,03/09,1.967,03/16,1.937,03/23,1.993,03/30,2.079,NA,NA
2009-Apr,04/06,2.061,04/13,2.075,04/20,2.081,04/27,2.066,,,NA,NA
2009-May,05/04,2.093,05/11,2.267,05/18,2.331,05/25,2.463,,,NA,NA
2009-Jun,06/01,2.548,06/08,2.646,06/15,2.686,06/22,2.700,06/29,2.644,NA,NA
2009-Jul,07/06,2.615,07/13,2.532,07/20,2.463,07/27,2.510,,,NA,NA
2009-Aug,08/03,2.561,08/10,2.645,08/17,2.631,08/24,2.622,08/31,2.605,NA,NA
2009-Sep,09/07,2.569,09/14,2.550,09/21,2.526,09/28,2.475,,,NA,NA
2009-Oct,10/05,2.446,10/12,2.480,10/19,2.580,10/26,2.691,,,NA,NA
2009-Nov,11/02,2.710,11/09,2.678,11/16,2.638,11/23,2.655,11/30,2.646,NA,NA
2009-Dec,12/07,2.653,12/14,2.613,12/21,2.599,12/28,2.616,,,NA,NA
,,,,,,,,,,,NA,NA
2010-Jan,01/04,2.677,01/11,2.768,01/18,2.755,01/25,2.719,,,NA,NA
2010-Feb,02/01,2.672,02/08,2.664,02/15,2.617,02/22,2.673,,,NA,NA
2010-Mar,03/01,2.723,03/08,2.773,03/15,2.812,03/22,2.842,03/29,2.816,NA,NA
2010-Apr,04/05,2.844,04/12,2.879,04/19,2.881,04/26,2.865,,,NA,NA
2010-May,05/03,2.914,05/10,2.921,05/17,2.874,05/24,2.794,05/31,2.731,NA,NA
2010-Jun,06/07,2.725,06/14,2.703,06/21,2.745,06/28,2.760,,,NA,NA
2010-Jul,07/05,2.724,07/12,2.715,07/19,2.720,07/26,2.751,,,NA,NA
2010-Aug,08/02,2.736,08/09,2.789,08/16,2.746,08/23,2.703,08/30,2.690,NA,NA
2010-Sep,09/06,2.695,09/13,2.742,09/20,2.751,09/27,2.718,,,NA,NA
2010-Oct,10/04,2.754,10/11,2.842,10/18,2.845,10/25,2.823,,,NA,NA
2010-Nov,11/01,2.811,11/08,2.881,11/15,2.899,11/22,2.880,11/29,2.858,NA,NA
2010-Dec,12/06,2.970,12/13,2.990,12/20,2.987,12/27,3.067,,,NA,NA
,,,,,,,,,,,NA,NA
2011-Jan,01/03,3.086,01/10,3.103,01/17,3.120,01/24,3.125,01/31,3.113,NA,NA
2011-Feb,02/07,3.145,02/14,3.147,02/21,3.193,02/28,3.392,,,NA,NA
2011-Mar,03/07,3.524,03/14,3.569,03/21,3.560,03/28,3.590,,,NA,NA
2011-Apr,04/04,3.686,04/11,3.793,04/18,3.837,04/25,3.867,,,NA,NA
2011-May,05/02,3.955,05/09,3.957,05/16,3.956,05/23,3.840,05/30,3.791,NA,NA
2011-Jun,06/06,3.785,06/13,3.713,06/20,3.647,06/27,3.565,,,NA,NA
2011-Jul,07/04,3.584,07/11,3.658,07/18,3.699,07/25,3.720,,,NA,NA
2011-Aug,08/01,3.737,08/08,3.698,08/15,3.629,08/22,3.605,08/29,3.651,NA,NA
2011-Sep,09/05,3.692,09/12,3.678,09/19,3.611,09/26,3.514,,,NA,NA
2011-Oct,10/03,3.435,10/10,3.422,10/17,3.484,10/24,3.469,10/31,3.460,NA,NA
2011-Nov,11/07,3.424,11/14,3.442,11/21,3.367,11/28,3.305,,,NA,NA
2011-Dec,12/05,3.296,12/12,3.301,12/19,3.242,12/26,3.269,,,NA,NA
,,,,,,,,,,,NA,NA
2012-Jan,01/02,3.310,01/09,3.390,01/16,3.400,01/23,3.392,01/30,3.446,NA,NA
2012-Feb,02/06,3.496,02/13,3.526,02/20,3.582,02/27,3.698,,,NA,NA
2012-Mar,03/05,3.771,03/12,3.800,03/19,3.841,03/26,3.897,,,NA,NA
2012-Apr,04/02,3.928,04/09,3.934,04/16,3.923,04/23,3.861,04/30,3.821,NA,NA
2012-May,05/07,3.773,05/14,3.713,05/21,3.676,05/28,3.628,,,NA,NA
2012-Jun,06/04,3.570,06/11,3.541,06/18,3.522,06/25,3.428,,,NA,NA
2012-Jul,07/02,3.343,07/09,3.411,07/16,3.416,07/23,3.491,07/30,3.506,NA,NA
2012-Aug,08/06,3.660,08/13,3.717,08/20,3.739,08/27,3.780,,,NA,NA
2012-Sep,09/03,3.854,09/10,3.856,09/17,3.890,09/24,3.834,,,NA,NA
2012-Oct,10/01,3.808,10/08,3.800,10/15,3.774,10/22,3.645,10/29,3.545,NA,NA
2012-Nov,11/05,3.471,11/12,3.437,11/19,3.423,11/26,3.445,,,NA,NA
2012-Dec,12/03,3.401,12/10,3.363,12/17,3.263,12/24,3.271,12/31,3.311,NA,NA
,,,,,,,,,,,NA,NA
2013-Jan,01/07,3.304,01/14,3.308,01/21,3.321,01/28,3.362,,,NA,NA
2013-Feb,02/04,3.534,02/11,3.599,02/18,3.753,02/25,3.787,,,NA,NA
2013-Mar,03/04,3.763,03/11,3.710,03/18,3.699,03/25,3.680,,,NA,NA
2013-Apr,04/01,3.638,04/08,3.604,04/15,3.535,04/22,3.536,04/29,3.519,NA,NA
2013-May,05/06,3.540,05/13,3.601,05/20,3.687,05/27,3.656,,,NA,NA
2013-Jun,06/03,3.664,06/10,3.674,06/17,3.636,06/24,3.563,,,NA,NA
2013-Jul,07/01,3.478,07/08,3.481,07/15,3.634,07/22,3.678,07/29,3.638,NA,NA
2013-Aug,08/05,3.633,08/12,3.562,08/19,3.565,08/26,3.573,,,NA,NA
2013-Sep,09/02,3.641,09/09,3.607,09/16,3.544,09/23,3.493,09/30,3.425,NA,NA
2013-Oct,10/07,3.369,10/14,3.368,10/21,3.382,10/28,3.311,,,NA,NA
2013-Nov,11/04,3.284,11/11,3.210,11/18,3.239,11/25,3.320,,,NA,NA
2013-Dec,12/02,3.290,12/09,3.287,12/16,3.245,12/23,3.277,12/30,3.340,NA,NA
,,,,,,,,,,,NA,NA
2014-Jan,01/06,3.340,01/13,3.345,01/20,3.319,01/27,3.320,,,NA,NA
2014-Feb,02/03,3.322,02/10,3.335,02/17,3.402,02/24,3.469,,,NA,NA
2014-Mar,03/03,3.494,03/10,3.523,03/17,3.560,03/24,3.559,03/31,3.592,NA,NA
2014-Apr,04/07,3.607,04/14,3.655,04/21,3.687,04/28,3.710,,,NA,NA
2014-May,05/05,3.683,05/12,3.675,05/19,3.671,05/26,3.683,,,NA,NA
2014-Jun,06/02,3.699,06/09,3.683,06/16,3.694,06/23,3.713,06/30,3.708,NA,NA
2014-Jul,07/07,3.680,07/14,3.635,07/21,3.599,07/28,3.544,,,NA,NA
2014-Aug,08/04,3.526,08/11,3.522,08/18,3.484,08/25,3.473,,,NA,NA
2014-Sep,09/01,3.486,09/08,3.482,09/15,3.428,09/22,3.375,09/29,3.384,NA,NA
2014-Oct,10/06,3.329,10/13,3.229,10/20,3.154,10/27,3.094,,,NA,NA
2014-Nov,11/03,3.037,11/10,2.988,11/17,2.938,11/24,2.864,,,NA,NA
2014-Dec,12/01,2.821,12/08,2.718,12/15,2.586,12/22,2.430,12/29,2.320,NA,NA
,,,,,,,,,,,NA,NA
2015-Jan,01/05,2.228,01/12,2.157,01/19,2.089,01/26,2.069,,,NA,NA
2015-Feb,02/02,2.097,02/09,2.216,02/16,2.290,02/23,2.338,,,NA,NA
2015-Mar,03/02,2.441,03/09,2.448,03/16,2.420,03/23,2.427,03/30,2.430,NA,NA
2015-Apr,04/06,2.399,04/13,2.402,04/20,2.477,04/27,2.536,,,NA,NA
2015-May,05/04,2.601,05/11,2.631,05/18,2.687,05/25,2.724,,,NA,NA
2015-Jun,06/01,2.738,06/08,2.751,06/15,2.825,06/22,2.803,06/29,2.796,NA,NA
2015-Jul,07/06,2.786,07/13,2.778,07/20,2.744,07/27,2.690,,,NA,NA
2015-Aug,08/03,2.641,08/10,2.594,08/17,2.691,08/24,2.620,08/31,2.496,NA,NA
2015-Sep,09/07,2.428,09/14,2.374,09/21,2.332,09/28,2.340,,,NA,NA
2015-Oct,10/05,2.347,10/12,2.376,10/19,2.314,10/26,2.262,,,NA,NA
2015-Nov,11/02,2.265,11/09,2.269,11/16,2.210,11/23,2.117,11/30,2.079,NA,NA
2015-Dec,12/07,2.074,12/14,2.059,12/21,2.035,12/28,2.039,,,NA,NA
,,,,,,,,,,,NA,NA
2016-Jan,01/04,2.027,01/11,1.994,01/18,1.917,01/25,1.859,,,NA,NA
2016-Feb,02/01,1.837,02/08,1.773,02/15,1.747,02/22,1.767,02/29,1.817,NA,NA
2016-Mar,03/07,1.882,03/14,1.988,03/21,2.036,03/28,2.079,,,NA,NA
2016-Apr,04/04,2.095,04/11,2.085,04/18,2.155,04/25,2.182,,,NA,NA
2016-May,05/02,2.271,05/09,2.249,05/16,2.274,05/23,2.339,05/30,2.382,NA,NA
2016-Jun,06/06,2.430,06/13,2.444,06/20,2.393,06/27,2.353,,,NA,NA
2016-Jul,07/04,2.311,07/11,2.276,07/18,2.254,07/25,2.211,,,NA,NA
2016-Aug,08/01,2.198,08/08,2.193,08/15,2.203,08/22,2.243,08/29,2.292,NA,NA
2016-Sep,09/05,2.277,09/12,2.246,09/19,2.280,09/26,2.276,,,NA,NA
2016-Oct,10/03,2.295,10/10,2.327,10/17,2.309,10/24,2.286,10/31,2.270,NA,NA
2016-Nov,11/07,2.270,11/14,2.220,11/21,2.192,11/28,2.193,,,NA,NA
2016-Dec,12/05,2.250,12/12,2.286,12/19,2.316,12/26,2.364,,,NA,NA
,,,,,,,,,,,NA,NA
2017-Jan,01/02,2.429,01/09,2.437,01/16,2.407,01/23,2.368,01/30,2.337,NA,NA
2017-Feb,02/06,2.333,02/13,2.340,02/20,2.336,02/27,2.346,,,NA,NA
2017-Mar,03/06,2.375,03/13,2.353,03/20,2.350,03/27,2.341,,,NA,NA
2017-Apr,04/03,2.393,04/10,2.463,04/17,2.468,04/24,2.484,,,NA,NA
2017-May,05/01,2.444,05/08,2.401,05/15,2.396,05/22,2.418,05/29,2.418,NA,NA
2017-Jun,06/05,2.437,06/12,2.389,06/19,2.339,06/26,2.316,,,NA,NA
2017-Jul,07/03,2.278,07/10,2.324,07/17,2.303,07/24,2.340,07/31,2.386,NA,NA
2017-Aug,08/07,2.405,08/14,2.416,08/21,2.389,08/28,2.438,,,NA,NA
2017-Sep,09/04,2.722,09/11,2.728,09/18,2.678,09/25,2.629,,,NA,NA
2017-Oct,10/02,2.614,10/09,2.547,10/16,2.532,10/23,2.523,10/30,2.526,NA,NA
2017-Nov,11/06,2.583,11/13,2.619,11/20,2.597,11/27,2.562,,,NA,NA
2017-Dec,12/04,2.528,12/11,2.519,12/18,2.478,12/25,2.502,,,NA,NA
,,,,,,,,,,,NA,NA
2018-Jan,01/01,2.554,01/08,2.548,01/15,2.589,01/22,2.601,01/29,2.634,NA,NA
2018-Feb,02/05,2.661,02/12,2.630,02/19,2.576,02/26,2.561,,,NA,NA
2018-Mar,03/05,2.582,03/12,2.574,03/19,2.612,03/26,2.659,,,NA,NA
2018-Apr,04/02,2.710,04/09,2.707,04/16,2.762,04/23,2.814,04/30,2.858,NA,NA
2018-May,05/07,2.851,05/14,2.846,05/21,2.893,05/28,2.937,,,NA,NA
2018-Jun,06/04,2.910,06/11,2.883,06/18,2.852,06/25,2.808,,,NA,NA
2018-Jul,07/02,2.824,07/09,2.837,07/16,2.852,07/23,2.818,07/30,2.834,NA,NA
2018-Aug,08/06,2.843,08/13,2.836,08/20,2.818,08/27,2.824,,,NA,NA
2018-Sep,09/03,2.822,09/10,2.829,09/17,2.834,09/24,2.841,,,NA,NA
2018-Oct,10/01,2.859,10/08,2.892,10/15,2.869,10/22,2.828,10/29,2.799,NA,NA
2018-Nov,11/05,2.738,11/12,2.672,11/19,2.594,11/26,2.517,,,NA,NA
2018-Dec,12/03,2.422,12/10,2.395,12/17,2.338,12/24,2.287,12/31,2.227,NA,NA
,,,,,,,,,,,NA,NA
2019-Jan,01/07,2.199,01/14,2.212,01/21,2.216,01/28,2.229,,,NA,NA
2019-Feb,02/04,2.228,02/11,2.251,02/18,2.293,02/25,2.372,,,NA,NA
2019-Mar,03/04,2.412,03/11,2.458,03/18,2.537,03/25,2.604,,,NA,NA
2019-Apr,04/01,2.670,04/08,2.710,04/15,2.785,04/22,2.785,04/29,2.824,NA,NA
2019-May,05/06,2.834,05/13,2.800,05/20,2.789,05/27,2.762,,,NA,NA
2019-Jun,06/03,2.757,06/10,2.687,06/17,2.621,06/24,2.608,,,NA,NA
2019-Jul,07/01,2.674,07/08,2.708,07/15,2.745,07/22,2.716,07/29,2.680,NA,NA
2019-Aug,08/05,2.653,08/12,2.590,08/19,2.567,08/26,2.538,,,NA,NA
2019-Sep,09/02,2.527,09/09,2.517,09/16,2.521,09/23,2.627,09/30,2.586,NA,NA
2019-Oct,10/07,2.581,10/14,2.565,10/21,2.581,10/28,2.539,,,NA,NA
2019-Nov,11/04,2.555,11/11,2.563,11/18,2.544,11/25,2.539,,,NA,NA
2019-Dec,12/02,2.554,12/09,2.548,12/16,2.518,12/23,2.516,12/30,2.555,NA,NA
,,,,,,,,,,,NA,NA
2020-Jan,01/06,2.561,01/13,2.549,01/20,2.516,01/27,2.482,,,NA,NA
2020-Feb,02/03,2.428,02/10,2.396,02/17,2.405,02/24,2.441,,,NA,NA
2020-Mar,03/02,2.394,03/09,2.344,03/16,2.213,03/23,2.083,03/30,1.962,NA,NA
2020-Apr,04/06,1.877,04/13,1.811,04/20,1.770,04/27,1.731,,,NA,NA
2020-May,05/04,1.753,05/11,1.818,05/18,1.845,05/25,1.938,,,NA,NA
2020-Jun,06/01,1.952,06/08,2.014,06/15,2.084,06/22,2.115,06/29,2.162,NA,NA
2020-Jul,07/06,2.168,07/13,2.181,07/20,2.168,07/27,2.155,,,NA,NA
2020-Aug,08/03,2.156,08/10,2.149,08/17,2.147,08/24,2.161,08/31,2.204,NA,NA
2020-Sep,09/07,2.193,09/14,2.162,09/21,2.149,,,,,NA,NA
"- = No Data Reported;  -- = Not Applicable;  NA = Not Available;  W = Withheld to avoid disclosure of individual company data.",NA,NA,NA,NA,NA,NA,NA,NA,NA,NA,NA,NA
,NA,NA,NA,NA,NA,NA,NA,NA,NA,NA,NA,NA
Release Date: 9/21/2020,NA,NA,NA,NA,NA,NA,NA,NA,NA,NA,NA,NA
Next Release Date: 9/28/2020,NA,NA,NA,NA,NA,NA,NA,NA,NA,NA,NA,NA
